{"accuracy": 0.7795555555555556, "f1_score": 0.5212355212355212}